con_id;titre;description;texte;directeur;producteur;csting;date_production;compagny_production;scenariste;langue_de_production;palmares;pays_de_produciton;content_url;date_debut_droits;date_fin_droits;image
3533389;Comme des reines;<p>Samia, Louise et Jessica ont entre 15 et 20 ans. Samia étouffe dans un carcan familial dans lequel elle ne se reconnaît pas et cherche difficilement sa voie. Grisée par une illusion de liberté, par le sentiment d'appartenance à une bande, mais, surtout, par l'argent facile, elle se laisse entraîner par Louise et son petit ami proxénète dans un réseau de prostitution. Très vite, le piège se referme sur elle et Samia n'ose plus revenir. Parviendra t-elle à s'en sortir, à saisir les quelques rares mains tendues qu'elle rencontre sur son chemin ? Trouvera-t-elle en elle la force nécessaire à sa libération ?</p>;<p>Samia, Louise et Jessica ont entre 15 et 20 ans. Samia étouffe dans un carcan familial dans lequel elle ne se reconnaît pas et cherche difficilement sa voie. Grisée par une illusion de liberté, par le sentiment d'appartenance à une bande, mais, surtout, par l'argent facile, elle se laisse entraîner par Louise et son petit ami proxénète dans un réseau de prostitution. Très vite, le piège se referme sur elle et Samia n'ose plus revenir. Parviendra t-elle à s'en sortir, à saisir les quelques rares mains tendues qu'elle rencontre sur son chemin ? Trouvera-t-elle en elle la force nécessaire à sa libération ?</p>;Marion Vernoux;NULL;Sarah Isabella, Nina Louise, Bintou Ba, Idir Azougli, Bernard Campan, Karole Rocher, Nathalie Richard, Emma Boulanouar;2022;Scarlett Production;Sandrine Gregor, Mélina Jochum;Français;;France;https://www.france.tv/france-2/comme-des-reines/3533389-comme-des-reines.html;11/14/24 6:00;8/31/25 23:59;https://medias.france.tv/DwksPNlLcWHvvwF_fGCECqRFPYk/1800x0/filters:quality(85):format(webp)/l/v/7/phpswq7vl.jpg
6689243;Les choses qu'on dit, les choses qu'on fait;"Maxime rend visite à son cousin François dans le sud de la France. Mais c’est sa compagne Daphné, qu’il n’avait jamais rencontrée, qui l’accueille et lui fait visiter la région. En attendant le retour de François, retenu par un voyage d’affaires, Daphné et Maxime sympathisent et se confient leurs histoires de cœur. Celles de Maxime sont douloureuses. Il a vécu une froide idylle avec Victoire, avant de croiser par hasard Sandra, son grand amour hélas ! non réciproque. Celle-ci est aussitôt tombée sous le charme de Gaspard, le meilleur ami de Maxime. L’affaire s’est muée en un inextricable triangle amoureux, qui a laissé Maxime humilié et meurtri. Daphné, elle, raconte qu’elle s’est donnée à François par dépit. Mais aujourd’hui, elle assure qu’elle l’aime et elle attend d’ailleurs un enfant de lui. De balade provençale en confidence, Maxime et Daphné passent de délicieux moments ensemble…



""En amour, quelle est la règle ?""

Difficile de résumer l’intrigue d’un film d’Emmanuel Mouret. Mais à l’écran, tous ces emboîtements amoureux s’enchaînent avec fluidité. Le cinéaste persiste dans ses marivaudages, l’humeur folâtre en moins, avec une gravité déjà à l’œuvre dans le cruel Mademoiselle de Joncquières. Si des personnages comme Sandra ou Gaspard suivent leurs penchants sans s’embarrasser de scrupules, le film s’arrête plus volontiers sur les timides en plein conflit intérieur, comme Daphné ou Maxime, qui s’interdisent un désir qui pourrait blesser l’autre. ""En amour, quelle est la règle ?"", se tourmente Maxime, que le cinéaste prend un malin plaisir à plonger dans les situations les plus alambiquées. Dirigés avec la minutie d’un chef de chœur, les personnages, magnifiquement incarnés par le quatuor Camélia Jordana, Niels Schneider, Vincent Macaigne et Émilie Dequenne, évoluent les uns vis-à-vis des autres avec retenue, tandis que la bande-son romantique, elle, s’emballe, de Chopin à Haydn. Dans cette lumineuse et mélancolique ""ode à notre inconstance"" et aux tempêtes internes qu’elle provoque, le cinéaste atteint une plénitude inédite et revigore avec brio les clichés fleur bleue, la célèbre scène d’adieux sur un quai de gare se refaisant une jeunesse dans le TER au départ d’Avignon.";"Maxime rend visite à son cousin François dans le sud de la France. Mais c’est sa compagne Daphné, qu’il n’avait jamais rencontrée, qui l’accueille et lui fait visiter la région. En attendant le retour de François, retenu par un voyage d’affaires, Daphné et Maxime sympathisent et se confient leurs histoires de cœur. Celles de Maxime sont douloureuses. Il a vécu une froide idylle avec Victoire, avant de croiser par hasard Sandra, son grand amour hélas ! non réciproque. Celle-ci est aussitôt tombée sous le charme de Gaspard, le meilleur ami de Maxime. L’affaire s’est muée en un inextricable triangle amoureux, qui a laissé Maxime humilié et meurtri. Daphné, elle, raconte qu’elle s’est donnée à François par dépit. Mais aujourd’hui, elle assure qu’elle l’aime et elle attend d’ailleurs un enfant de lui. De balade provençale en confidence, Maxime et Daphné passent de délicieux moments ensemble…



""En amour, quelle est la règle ?""

Difficile de résumer l’intrigue d’un film d’Emmanuel Mouret. Mais à l’écran, tous ces emboîtements amoureux s’enchaînent avec fluidité. Le cinéaste persiste dans ses marivaudages, l’humeur folâtre en moins, avec une gravité déjà à l’œuvre dans le cruel Mademoiselle de Joncquières. Si des personnages comme Sandra ou Gaspard suivent leurs penchants sans s’embarrasser de scrupules, le film s’arrête plus volontiers sur les timides en plein conflit intérieur, comme Daphné ou Maxime, qui s’interdisent un désir qui pourrait blesser l’autre. ""En amour, quelle est la règle ?"", se tourmente Maxime, que le cinéaste prend un malin plaisir à plonger dans les situations les plus alambiquées. Dirigés avec la minutie d’un chef de chœur, les personnages, magnifiquement incarnés par le quatuor Camélia Jordana, Niels Schneider, Vincent Macaigne et Émilie Dequenne, évoluent les uns vis-à-vis des autres avec retenue, tandis que la bande-son romantique, elle, s’emballe, de Chopin à Haydn. Dans cette lumineuse et mélancolique ""ode à notre inconstance"" et aux tempêtes internes qu’elle provoque, le cinéaste atteint une plénitude inédite et revigore avec brio les clichés fleur bleue, la célèbre scène d’adieux sur un quai de gare se refaisant une jeunesse dans le TER au départ d’Avignon.";Emmanuel Mouret;NULL;Camélia Jordana, Niels Schneider, Vincent Macaigne, Emilie Dequenne, Jenna Thiam, Guillaume Gouix;2020;NULL;Emmanuel Mouret;;;France;https://www.france.tv/films/6689243-les-choses-qu-on-dit-les-choses-qu-on-fait.html;11/5/24 10:00;5/1/25 0:00;https://medias.france.tv/_vUWgMfjzg8zxZFp04iZ592n9YU/1800x0/filters:quality(85):format(webp)/2/b/c/7130d1b560fd4a91b52cadebf76c77a417a90f4a20a639737a2020a494081cb2.jpg
6689252;Caprice;"""Sois infidèle, ne sois pas égoïste !"", intime Caprice à Clément après s'être une nouvelle fois glissée dans son appartement. Un réel dilemme pour ce professeur d'école sans histoire, qui a vu en quelques semaines sa vie bouleversée : d'abord, une actrice reconnue – qu'il adule – est tombée amoureuse de lui et de ses maladresses, et puis Caprice, cette jeune femme avec laquelle il a passé une nuit presque contre son gré, ne cesse de le poursuivre de ses assiduités, obstinée et indifférente à ses bégaiements de refus.



Douceur de vivre

Il n'y a rien qu'on ne connaisse déjà dans les histoires mises en scène par Emmanuel Mouret. Le thème du trio amoureux, le marivaudage, le personnage du gaffeur… Comment se fait-il, alors, que le charme opère dès les premiers instants de cette comédie romantique, dont il rebat si joliment les cartes ? Dans le jeu, Mouret a le visage mobile et surpris des acteurs de muet. Derrière la caméra, les situations qu'il filme sont infusées de tendresse et légèreté, nimbées de jazz et de douceur de vivre. Quant à Virginie Efira et Anaïs Demoustier, elles s'acquittent avec talent de leurs rôles, plus creusés qu'il n'y paraît. Le visage de la première est traversé par l'angoisse des grandes actrices de ne plus plaire et celui de la seconde arbore l'insolence des premières amours. Un cocktail sucré mais puissant.";"""Sois infidèle, ne sois pas égoïste !"", intime Caprice à Clément après s'être une nouvelle fois glissée dans son appartement. Un réel dilemme pour ce professeur d'école sans histoire, qui a vu en quelques semaines sa vie bouleversée : d'abord, une actrice reconnue – qu'il adule – est tombée amoureuse de lui et de ses maladresses, et puis Caprice, cette jeune femme avec laquelle il a passé une nuit presque contre son gré, ne cesse de le poursuivre de ses assiduités, obstinée et indifférente à ses bégaiements de refus.



Douceur de vivre

Il n'y a rien qu'on ne connaisse déjà dans les histoires mises en scène par Emmanuel Mouret. Le thème du trio amoureux, le marivaudage, le personnage du gaffeur… Comment se fait-il, alors, que le charme opère dès les premiers instants de cette comédie romantique, dont il rebat si joliment les cartes ? Dans le jeu, Mouret a le visage mobile et surpris des acteurs de muet. Derrière la caméra, les situations qu'il filme sont infusées de tendresse et légèreté, nimbées de jazz et de douceur de vivre. Quant à Virginie Efira et Anaïs Demoustier, elles s'acquittent avec talent de leurs rôles, plus creusés qu'il n'y paraît. Le visage de la première est traversé par l'angoisse des grandes actrices de ne plus plaire et celui de la seconde arbore l'insolence des premières amours. Un cocktail sucré mais puissant.";Emmanuel Mouret;NULL;Virginie Efira, Anaïs Demoustier, Laurent Stocker, Emmanuel Mouret, Thomas Blanchard, Mathilde Warnier, Olivier Cruveiller, Botum Dupuis, Néo Rouleau, Léo Lorleac'h;2015;NULL;Emmanuel Mouret;;;France;https://www.france.tv/films/6689252-caprice.html;11/5/24 10:00;5/1/25 0:00;https://medias.france.tv/u8SaV5h6X6PDpo7iNh11r8V2NaQ/1800x0/filters:quality(85):format(webp)/a/8/5/013ea6a3951f45c5a1edff80894052b6579a0ea80acee7b7c05905201205b58a.jpg
6740506;Les petits monstres;"<p><span>Ce matin, Erwan, collegien&nbsp;<strong>malvoyant</strong>, a hate d'arriver au college pour declarer sa flamme a Agathe. Mais comme tous les jours, il doit partager un van de transport scolaire avec David, un pot-de-colle en fauteuil roulant. Alors, quand David fait tout pour qu'ils n'arrivent jamais, la guerre est declaree.</span></p>";"<p><span>Ce matin, Erwan, collegien&nbsp;<strong>malvoyant</strong>, a hate d'arriver au college pour declarer sa flamme a Agathe. Mais comme tous les jours, il doit partager un van de transport scolaire avec David, un pot-de-colle en fauteuil roulant. Alors, quand David fait tout pour qu'ils n'arrivent jamais, la guerre est declaree.</span></p>";NULL;NULL;;NULL;NULL;;;;France;https://www.france.tv/films/6740506-les-petits-monstres.html;11/28/24 6:00;2/25/25 23:59;https://medias.france.tv/-PiuZ50eIG4W7ojsKgA2maLX8M0/1800x0/filters:quality(85):format(webp)/v/z/l/phpprvlzv.jpg
6740830;La maman et la putain;Alexandre passe ses journées dans les cafés du Quartier latin et partage sa vie entre Marie, une femme plus âgée que lui, et Véronika, une infirmière un peu paumée... Jean-Pierre Léaud, Françoise Lebrun et Bernadette Lafont forment un triangle amoureux tourmenté dans ce chef-d'oeuvre intemporel de Jean Eustache.;Alexandre passe ses journées dans les cafés du Quartier latin et partage sa vie entre Marie, une femme plus âgée que lui, et Véronika, une infirmière un peu paumée... Jean-Pierre Léaud, Françoise Lebrun et Bernadette Lafont forment un triangle amoureux tourmenté dans ce chef-d'oeuvre intemporel de Jean Eustache.;Jean Eustache;NULL;Jean-Pierre Leaud, Françoise Lebrun, Bernadette Lafont;1972;NULL;;;;France;https://www.france.tv/films/6740830-la-maman-et-la-putain.html;12/1/24 0:00;9/1/25 0:00;https://medias.france.tv/kBcQqaCzfDtIMc1l6reWzUMr2UU/1800x0/filters:quality(85):format(webp)/3/7/d/4afec6377f514596a8c18b8b50b1b89d78d4d8788284b1b04780205573059d73.jpg
6719386;Jeanne Dielman, 23, quai du Commerce, 1080 Bruxelles;"Dans un modeste appartement bruxellois, une veuve, mère d’un adolescent, enchaîne du matin au soir des tâches ménagères ritualisées à l’extrême avec une régularité de métronome. Dans une même routine, elle reçoit des messieurs en fin d’après-midi, garde sans le regarder le bébé d’une voisine ou lit à son fils les lettres de sa sœur exilée au Canada. Mais la mécanique bien rodée, presque filmée en temps réel, soudain se dérègle…



Soixante-douze heures de la vie d’une femme

Au mitan des années 1970, Chantal Akerman n’a que 25 ans, quand elle entreprend avec une audace folle de filmer, en une succession de beaux plans fixes, trois jours du quotidien d’une ménagère presque à la manière d’une caméra cachée, soit soixante-douze heures de la vie d’une femme, restituées en trois heures vingt minutes : du jamais vu au cinéma. Pliage cérémoniel des vêtements, couture d’un bouton, épluchage de légumes ou préparation d’escalopes panées… : le rythme et les gestes de cette veuve n’ont, devine-t-on, pas dû changer avec la mort de son mari, perpétuant une condition envers et avant tout. Les très lapidaires échanges avec son fils s’inscrivent dans la même répétition, malgré une sortie de route impromptue, quand l’adolescent, de son canapé-lit, interroge subitement sa mère sur sa sexualité avec son père. Dans cette ""vie bardée contre le hasard"", selon les mots de la cinéaste belge, l’angoisse pénètre par effraction à travers les fissures de l’organisation quasi carcérale. Si la radicale cinéaste belge se défend d’avoir réalisé, avec cette autre anatomie d’une chute, un film à thèse, elle dit s’être inspirée d’images de son enfance, dont celles de ses mère et tantes, ""femmes de dos, penchées, portant des paquets…"" Avec une Delphine Seyrig à contre-emploi, dont la présence souveraine, en blouse ou paletot, illumine ce journal d’une femme d’intérieur, ce chef-d’œuvre féministe et avant-gardiste, monument dont le titre a longtemps valu passeport secret à la cinéphilie mondiale, a été élu meilleur film de tous les temps en 2022 par Sight and Sound, la revue du British Film Institute.";"Dans un modeste appartement bruxellois, une veuve, mère d’un adolescent, enchaîne du matin au soir des tâches ménagères ritualisées à l’extrême avec une régularité de métronome. Dans une même routine, elle reçoit des messieurs en fin d’après-midi, garde sans le regarder le bébé d’une voisine ou lit à son fils les lettres de sa sœur exilée au Canada. Mais la mécanique bien rodée, presque filmée en temps réel, soudain se dérègle…



Soixante-douze heures de la vie d’une femme

Au mitan des années 1970, Chantal Akerman n’a que 25 ans, quand elle entreprend avec une audace folle de filmer, en une succession de beaux plans fixes, trois jours du quotidien d’une ménagère presque à la manière d’une caméra cachée, soit soixante-douze heures de la vie d’une femme, restituées en trois heures vingt minutes : du jamais vu au cinéma. Pliage cérémoniel des vêtements, couture d’un bouton, épluchage de légumes ou préparation d’escalopes panées… : le rythme et les gestes de cette veuve n’ont, devine-t-on, pas dû changer avec la mort de son mari, perpétuant une condition envers et avant tout. Les très lapidaires échanges avec son fils s’inscrivent dans la même répétition, malgré une sortie de route impromptue, quand l’adolescent, de son canapé-lit, interroge subitement sa mère sur sa sexualité avec son père. Dans cette ""vie bardée contre le hasard"", selon les mots de la cinéaste belge, l’angoisse pénètre par effraction à travers les fissures de l’organisation quasi carcérale. Si la radicale cinéaste belge se défend d’avoir réalisé, avec cette autre anatomie d’une chute, un film à thèse, elle dit s’être inspirée d’images de son enfance, dont celles de ses mère et tantes, ""femmes de dos, penchées, portant des paquets…"" Avec une Delphine Seyrig à contre-emploi, dont la présence souveraine, en blouse ou paletot, illumine ce journal d’une femme d’intérieur, ce chef-d’œuvre féministe et avant-gardiste, monument dont le titre a longtemps valu passeport secret à la cinéphilie mondiale, a été élu meilleur film de tous les temps en 2022 par Sight and Sound, la revue du British Film Institute.";Chantal Akerman;NULL;Delphine Seyrig, Jan Decorte, Henri Storck, Jacques Doniol-Valcroze, Yves Bical;1975;Paradise Films / Unité Trois / Ministère de la Culture Française de Belgique / Centre du Cinéma et de l'Audiovisuel de la Fédération Wallonie-Bruxelles;Chantal Akerman;Français;;Belgique;https://www.france.tv/films/6719386-jeanne-dielman-23-quai-du-commerce-1080-bruxelles.html;11/25/24 5:00;2/23/25 5:00;https://medias.france.tv/yvYer9WlK-WvrNZDX5Rww8C2dh0/1800x0/filters:quality(85):format(webp)/6/6/d/b686a5f4b7cd4c82a7d1f0a192ec358e1eda8d25bc15767073c4e6f91a6a7d66.jpg
6798805;Aïlo : une odyssée en Laponie;Le combat pour la survie d'un petit renne sauvage, frêle et vulnérable face aux épreuves qui jalonnent sa première année. Son éveil au monde sauvage est un véritable conte au coeur des paysages grandioses de Laponie.;Le combat pour la survie d'un petit renne sauvage, frêle et vulnérable face aux épreuves qui jalonnent sa première année. Son éveil au monde sauvage est un véritable conte au coeur des paysages grandioses de Laponie.;Guillaume Maidatchevsky;NULL;;2018;NULL;;;;;https://www.france.tv/films/films-drame/6798805-ailo-une-odyssee-en-laponie.html;1/2/25 6:00;3/31/25 23:59;https://medias.france.tv/BPTCI4ks9jD_f2IzMB0EpouaK30/1800x0/filters:quality(85):format(webp)/x/c/t/phpfmmtcx.jpg
836091;Les Comancheros;En 1843, le joueur Paul Regret tue un homme en duel à La Nouvelle-Orléans. Il prend la fuite vers le Texas, où il rencontre une aventurière, Pilar Graile. A Galveston, Regret est capturé par le capitaine de la police texane, Jake Cutter. Mais le prisonnier parvient à assommer Cutter et s'évade. Le capitaine apprend par la bouche du major Henry que les Comancheros, de redoutables hors-la-loi, poussent les Comanches à la guerre en les ravitaillant en armes et en alcool. Incités à se révolter, les Comanches attaquent ainsi régulièrement les forces de police. Cutter se fait passer pour un certain McBain, soupçonné d'être complice des Comancheros, qui vient d'être arrêté, et infiltre la bande des malfrats en convoyant à sa place un chariot plein d'armes...;En 1843, le joueur Paul Regret tue un homme en duel à La Nouvelle-Orléans. Il prend la fuite vers le Texas, où il rencontre une aventurière, Pilar Graile. A Galveston, Regret est capturé par le capitaine de la police texane, Jake Cutter. Mais le prisonnier parvient à assommer Cutter et s'évade. Le capitaine apprend par la bouche du major Henry que les Comancheros, de redoutables hors-la-loi, poussent les Comanches à la guerre en les ravitaillant en armes et en alcool. Incités à se révolter, les Comanches attaquent ainsi régulièrement les forces de police. Cutter se fait passer pour un certain McBain, soupçonné d'être complice des Comancheros, qui vient d'être arrêté, et infiltre la bande des malfrats en convoyant à sa place un chariot plein d'armes...;Michael Curtiz ;James Edward Grant, Clair Huffaker;John Wayne, Stuart Whitman, Ina Balin;1961;NULL;NULL;NULL;NULL;NULL;https://www.france.tv/films/836091-les-comancheros.html;1/2/25 6:00;3/31/25 23:59;https://medias.france.tv/nmT_Gu8T0EtqnzlY--gj6-392i0/1800x0/filters:quality(85):format(webp)/4/8/9/aa06523460354127835f501d21b7a7c12390716943195cec4d8f7e197523c984.jpg
5365995;Cultes;<p>1970. Le petit Tonino est pensionnaire d’une institution religieuse. Sous l’autorité du Père de Monval, il assiste avec ses camarades, lors de la projection d’un film, à un complément de programme qui va chambouler son quotidien et ses croyances...</p>;<p>1970. Le petit Tonino est pensionnaire d’une institution religieuse. Sous l’autorité du Père de Monval, il assiste avec ses camarades, lors de la projection d’un film, à un complément de programme qui va chambouler son quotidien et ses croyances...</p>;David Padilla ;NULL;Calliste Dupin, Michaël Vander-Meiren, Antony Cinturino;2023;NULL;;;;;https://www.france.tv/films/5365995-cultes.html;1/8/25 6:00;7/1/25 23:59;https://medias.france.tv/XCovHlo0AcmSuvy6VJ7alFz04Qo/1800x0/filters:quality(85):format(webp)/c/9/9/7d4e53ea7695491ebbc4210481a73090ba654f869d8f432d0b6aa22ea363899c.jpg
6821674;Boucan;"<p>Johannes et Gabin sont jeunes, sont cousins et sont amoureux l'un de l'autre: leur histoire se passe dans le Sud de la France.</p><p><br></p><p>Ce court métrage est nommé en 2025 au César du Meilleur film de court métrage de fiction.&nbsp;</p>";"<p>Johannes et Gabin sont jeunes, sont cousins et sont amoureux l'un de l'autre: leur histoire se passe dans le Sud de la France.</p><p><br></p><p>Ce court métrage est nommé en 2025 au César du Meilleur film de court métrage de fiction.&nbsp;</p>";Salomé Da Souza;Salomé Da Souza, Romy Coccia Di Ferro;Marylou Cabanel, Rodrigue Toledo, Salomé Da Souza;2023;NULL;;;;;https://www.france.tv/films/6821674-boucan.html;1/8/25 6:00;7/1/25 23:59;https://medias.france.tv/4PN_4RLzBHZgYqjYhUKUlC6-Yvo/1800x0/filters:quality(85):format(webp)/d/0/c/f1cafb65519440cdbf53efaa7198ab655b3c1f51deca039dbd8509455b946c0d.jpg
6827122;Avis de mistral;Adolescents parisiens pur jus, Léa, Adrien et leur petit frère Théo, sourd-muet de naissance, se rendent en Provence, chez leur grand-père Paul, un homme bourru qui aime la tranquillité. Alors que leur père vient de quitter le foyer, les enfants pensent qu'ils vont passer le pire été de leur vie. Le choc des générations est inévitable, mais finalement, tout ce petit monde finit par s'apprivoiser. Les anciens amis de Paul, ex-hippies des années 1970, contribuent à cette réconciliation en révélant une autre facette du patriarche, très peace and love. De son côté, Léa tombe amoureuse d'un gadjo beau parleur. La jeune fille pense avoir trouvé l'amour de sa vie...;Adolescents parisiens pur jus, Léa, Adrien et leur petit frère Théo, sourd-muet de naissance, se rendent en Provence, chez leur grand-père Paul, un homme bourru qui aime la tranquillité. Alors que leur père vient de quitter le foyer, les enfants pensent qu'ils vont passer le pire été de leur vie. Le choc des générations est inévitable, mais finalement, tout ce petit monde finit par s'apprivoiser. Les anciens amis de Paul, ex-hippies des années 1970, contribuent à cette réconciliation en révélant une autre facette du patriarche, très peace and love. De son côté, Léa tombe amoureuse d'un gadjo beau parleur. La jeune fille pense avoir trouvé l'amour de sa vie...;Rose Bosch;Rose Bosch;Jean Reno, Anna Galiena, Chloé Jouannet;2014;NULL;;;;;https://www.france.tv/films/6827122-avis-de-mistral.html;1/9/25 6:00;2/28/25 23:59;https://medias.france.tv/7771THcefoG7aar_mrX4Gea-vi8/1800x0/filters:quality(85):format(webp)/5/b/2/eba4fc5aa5c34463866b7c656ade5a5c2feb22950126749f78e5615ec8f822b5.jpg
6832837;Gemma Bovery;Martin est un ex-bobo parisien reconverti plus ou moins volontairement en boulanger d'un village normand. De ses ambitions de jeunesse, il lui reste une forte capacité d'imagination, et une passion toujours vive pour la grande littérature, celle de Gustave Flaubert en particulier. On devine son émoi lorsqu'un couple d'Anglais, aux noms étrangement familiers, viennent s'installer dans une fermette du voisinage. Non seulement les nouveaux venus s'appellent Gemma et Charles Bovery, mais encore leurs comportements semblent être inspirés par les héros de Flaubert. Pour le créateur qui sommeille en Martin, l'occasion est trop belle de pétrir - outre sa farine quotidienne - le destin de personnages en chair et en os. Mais la jolie Gemma Bovery, elle, n'a pas lu ses classiques, et entend bien vivre sa propre vie...;Martin est un ex-bobo parisien reconverti plus ou moins volontairement en boulanger d'un village normand. De ses ambitions de jeunesse, il lui reste une forte capacité d'imagination, et une passion toujours vive pour la grande littérature, celle de Gustave Flaubert en particulier. On devine son émoi lorsqu'un couple d'Anglais, aux noms étrangement familiers, viennent s'installer dans une fermette du voisinage. Non seulement les nouveaux venus s'appellent Gemma et Charles Bovery, mais encore leurs comportements semblent être inspirés par les héros de Flaubert. Pour le créateur qui sommeille en Martin, l'occasion est trop belle de pétrir - outre sa farine quotidienne - le destin de personnages en chair et en os. Mais la jolie Gemma Bovery, elle, n'a pas lu ses classiques, et entend bien vivre sa propre vie...;Anne Fontaine;Anne Fontaine, Pascal Bonitzer;Gemma Arterton, Fabrice Luchini, Jason Flemyng;2014;NULL;;;;;https://www.france.tv/films/6832837-gemma-bovery.html;1/16/25 6:00;2/28/25 23:59;https://medias.france.tv/hji-Odxja_AEK0oF2GJDiBZFKw8/1800x0/filters:quality(85):format(webp)/8/e/5/7dd3bc51363949f8b657c1ded7fd8c5580cf5bd60a884a5713754271993a65e8.jpg
351091;Noé;Noé, un père de famille, reçoit un message de Dieu au cours d'un rêve : la Terre s'apprête à subir un déluge apocalyptique, car l'homme a corrompu le monde à force de violence et d'avidité. Il part alors avec sa femme et ses enfants sur le mont Ararat et entreprend la construction d'une arche monumentale pour mettre à l'abri toutes les espèces existantes de l'humanité, sauver les innocents et préserver la vie sur Terre. Il accomplit ainsi son destin hors du commun. Mais il se heurte à un seigneur de la guerre qui cherche à régner sur ce monde dévasté, et qui lance une armée entière contre lui...;Noé, un père de famille, reçoit un message de Dieu au cours d'un rêve : la Terre s'apprête à subir un déluge apocalyptique, car l'homme a corrompu le monde à force de violence et d'avidité. Il part alors avec sa femme et ses enfants sur le mont Ararat et entreprend la construction d'une arche monumentale pour mettre à l'abri toutes les espèces existantes de l'humanité, sauver les innocents et préserver la vie sur Terre. Il accomplit ainsi son destin hors du commun. Mais il se heurte à un seigneur de la guerre qui cherche à régner sur ce monde dévasté, et qui lance une armée entière contre lui...;Darren Aronofsky;NULL;Russell Crowe, Emma Watson, Logan Lerman, Jennifer Connelly, Anthony Hopkins, Kevin Durand, Douglas Booth, Dakota Goyo;2014;Paramount Pictures / Regency Enterprises / New Regency Productions / Protozoa Pictures / Disruption Entertainment / FortyFour Studios;Darren Aronofsky, Ari Handel;Anglais;NULL;États-Unis d'Amérique;https://www.france.tv/films/351091-noe.html;1/2/25 6:00;4/1/25 23:59;https://medias.france.tv/lsa934gklOj8wCuvlvjFdMcoYFg/1800x0/filters:quality(85):format(webp)/e/f/y/phpfgayfe.jpg
6802669;Le secret de la pyramide;Londres, en 1870. John Watson, fils d'un médecin de campagne fraîchement débarqué de ses solitudes provinciales, découvre les couloirs et les brumes de son nouveau collège. Il se retrouve nez à nez avec un curieux hurluberlu, son nouveau condisciple, qui semble tout savoir de lui sans l'avoir pourtant jamais rencontré. Ainsi naît une amitié. Watson découvre rapidement que son nouveau compagnon, Sherlock Holmes, se pique de résoudre les énigmes les plus extravagantes et qu'aiguillonné par son rival dans le coeur de la belle Elizabeth, Dudley, il se révèle fort capable de devancer la police dans la solution d'un curieux suicide. L'oncle d'Elizabeth venant à mourir, victime d'une sarbacane, le trio reprend du service, en dépit des protestations de Watson, qui voudrait bien devenir médecin...;Londres, en 1870. John Watson, fils d'un médecin de campagne fraîchement débarqué de ses solitudes provinciales, découvre les couloirs et les brumes de son nouveau collège. Il se retrouve nez à nez avec un curieux hurluberlu, son nouveau condisciple, qui semble tout savoir de lui sans l'avoir pourtant jamais rencontré. Ainsi naît une amitié. Watson découvre rapidement que son nouveau compagnon, Sherlock Holmes, se pique de résoudre les énigmes les plus extravagantes et qu'aiguillonné par son rival dans le coeur de la belle Elizabeth, Dudley, il se révèle fort capable de devancer la police dans la solution d'un curieux suicide. L'oncle d'Elizabeth venant à mourir, victime d'une sarbacane, le trio reprend du service, en dépit des protestations de Watson, qui voudrait bien devenir médecin...;Barry Levinson;NULL;Nicholas Rowe, Alan Cox, Sophie Ward, Anthony Higgins, Susan Fleetwood, Freddie Jones, Nigel Stock, Roger Ashton-Griffiths;1985;Paramount Pictures / Amblin Entertainment / Industrial Light & Magic (ILM);Chris Columbus;Anglais;Academy of Science Fiction, Fantasy & Horror Films, USA 1986;États-Unis d'Amérique, Royaume-Uni de Grande-Bretagne et d'Irlande du Nord;https://www.france.tv/films/films-suspense/6802669-le-secret-de-la-pyramide.html;12/30/24 0:34;3/29/25 23:59;https://medias.france.tv/vKKkptcLOGgWmqQan8NE0SHT59I/1800x0/filters:quality(85):format(webp)/s/k/v/phpfvtvks.jpg
6798808;Titeuf, le film;C'est l'anniversaire de Nadia et la petite fille organise une fête pour le célébrer. Titeuf, qui est complètement transi d'amour pour elle, n'est pas invité. Abasourdi, le petit garçon à la mèche blonde ne comprend pas et compte bien user de tous les stratagèmes, plus ou moins efficaces, qu'il pourra inventer pour inverser la situation. Mais la bonne volonté de Titeuf va vite être mise à l'épreuve par un véritable séisme. Les adultes ne comprennent décidément rien à la vie amoureuse de leurs rejetons, et les parents de Titeuf ont décidé qu'il devait aller voir sa grand-mère à la campagne mais aussi se rendre à des séances chez un psy, sans compter les colloques de la cour d'école. Et l'anniversaire de Nadia dans tout ça ?...;C'est l'anniversaire de Nadia et la petite fille organise une fête pour le célébrer. Titeuf, qui est complètement transi d'amour pour elle, n'est pas invité. Abasourdi, le petit garçon à la mèche blonde ne comprend pas et compte bien user de tous les stratagèmes, plus ou moins efficaces, qu'il pourra inventer pour inverser la situation. Mais la bonne volonté de Titeuf va vite être mise à l'épreuve par un véritable séisme. Les adultes ne comprennent décidément rien à la vie amoureuse de leurs rejetons, et les parents de Titeuf ont décidé qu'il devait aller voir sa grand-mère à la campagne mais aussi se rendre à des séances chez un psy, sans compter les colloques de la cour d'école. Et l'anniversaire de Nadia dans tout ça ?...;Zep;Zep;Donald Reignoux, Maria Pacôme, Jean Rochefort;2010;NULL;;;;;https://www.france.tv/enfants/6798808-titeuf-le-film.html;1/2/25 6:00;4/1/25 23:59;https://medias.france.tv/plxVhjtVWrAt2LmM9RtAw0jygoA/1800x0/filters:quality(85):format(webp)/3/g/9/phpbjb9g3.jpg
6793999;Mes petites amoureuses;"Dans la campagne girondine, Daniel connaît une enfance heureuse, entre premiers émois prépubères et vie au grand air avec sa bande de copains. Élevé par sa grand-mère, il doit pourtant faire ses valises lorsque sa mère, installée à Narbonne avec son nouveau compagnon, décide de le reprendre avec elle. Le jeune garçon déchante vite quand il découvre ce que cette dernière lui avait jusqu’ici caché : il ne pourra pas poursuivre sa scolarité car le couple n’a pas les moyens de financer son entrée au collège. Désormais apprenti chez un mécanicien, Daniel se lie d’amitié avec des garçons plus âgés, qui n’ont qu’une seule obsession : les filles, et les meilleures stratégies pour draguer.



Attractions et champs magnétiques  

Un an après le succès du très dialogué La maman et la putain, Jean Eustache prend son public à revers. À l’image de son jeune héros, plutôt taiseux et réfléchi, Mes petites amoureuses a la parole économe, voire minimale. Du temps et de l’espace sont laissés aux silences qui en disent long et aux personnages qui restent interdits – face à l'autoritarisme et l’ingratitude des adultes mais, aussi et surtout, devant l’attraction exercée par les femmes. Car ce film d’apprentissage traite du désir affleurant et des pulsions sous-tendues chez les hommes, qui, commandés par leur frustration, en perdent tout scrupule. Daniel entre sur la pointe des pieds dans un monde où tout lui paraît sexualisé, dès lors qu’une femme ou une jeune fille surgissent dans son champ de vision. Évitant toute posture morale, Jean Eustache fait le récit autobiographique plein de finesse de ses premiers tourments érotiques tout en portant un regard naturaliste sur la vie provinciale dans le sud de la France, d’où il est originaire. À noter les brèves apparitions de Maurice Pialat en barbon réac et du réalisateur lui-même, assis seul et désœuvré sur un banc dans un parc, alors que les couples défilent et s’embrassent devant lui.";"Dans la campagne girondine, Daniel connaît une enfance heureuse, entre premiers émois prépubères et vie au grand air avec sa bande de copains. Élevé par sa grand-mère, il doit pourtant faire ses valises lorsque sa mère, installée à Narbonne avec son nouveau compagnon, décide de le reprendre avec elle. Le jeune garçon déchante vite quand il découvre ce que cette dernière lui avait jusqu’ici caché : il ne pourra pas poursuivre sa scolarité car le couple n’a pas les moyens de financer son entrée au collège. Désormais apprenti chez un mécanicien, Daniel se lie d’amitié avec des garçons plus âgés, qui n’ont qu’une seule obsession : les filles, et les meilleures stratégies pour draguer.



Attractions et champs magnétiques  

Un an après le succès du très dialogué La maman et la putain, Jean Eustache prend son public à revers. À l’image de son jeune héros, plutôt taiseux et réfléchi, Mes petites amoureuses a la parole économe, voire minimale. Du temps et de l’espace sont laissés aux silences qui en disent long et aux personnages qui restent interdits – face à l'autoritarisme et l’ingratitude des adultes mais, aussi et surtout, devant l’attraction exercée par les femmes. Car ce film d’apprentissage traite du désir affleurant et des pulsions sous-tendues chez les hommes, qui, commandés par leur frustration, en perdent tout scrupule. Daniel entre sur la pointe des pieds dans un monde où tout lui paraît sexualisé, dès lors qu’une femme ou une jeune fille surgissent dans son champ de vision. Évitant toute posture morale, Jean Eustache fait le récit autobiographique plein de finesse de ses premiers tourments érotiques tout en portant un regard naturaliste sur la vie provinciale dans le sud de la France, d’où il est originaire. À noter les brèves apparitions de Maurice Pialat en barbon réac et du réalisateur lui-même, assis seul et désœuvré sur un banc dans un parc, alors que les couples défilent et s’embrassent devant lui.";Jean Eustache;NULL;Martin Loeb, Ingrid Caven, Jacqueline Dufranne, Dionys Mascolo, Henri Martinez, Pierre Edelman, Maurice Pialat, Jean Eustache;1974;Elite / Elite Films / Gala;Jean Eustache;Français;;France;https://www.france.tv/films/6793999-mes-petites-amoureuses.html;1/8/25 5:00;7/7/25 5:00;https://medias.france.tv/8y2gA7l1jRypp2-N35ULx5EEzHE/1800x0/filters:quality(85):format(webp)/8/5/d/07fdf9b35bf94e8c96b3ff1eac4d5047835aa7962114254aa5adf0f069f41d58.jpg
2847931;Ad Astra;Roy McBride a choisi de marcher dans les pas de Clifford, son père, en devenant astronaute à son tour. Clifford a disparu lors d'une mission dans l'espace. Tout le monde a conclu qu'il était mort, jusqu'au jour où cette certitude est remise en cause par certains éléments. Roy est donc chargé de retrouver son père, qui aurait pris une voie dangereuse pour la survie de l'humanité. En effet, Clifford ferait des choses terribles sur Neptune. Roy doit réussir à entrer en contact avec son père. Pour mener à bien cette mission, il s'engage dans un voyage périlleux, physiquement et émotionnellement, qui l'emmène aux confins de la galaxie...;Roy McBride a choisi de marcher dans les pas de Clifford, son père, en devenant astronaute à son tour. Clifford a disparu lors d'une mission dans l'espace. Tout le monde a conclu qu'il était mort, jusqu'au jour où cette certitude est remise en cause par certains éléments. Roy est donc chargé de retrouver son père, qui aurait pris une voie dangereuse pour la survie de l'humanité. En effet, Clifford ferait des choses terribles sur Neptune. Roy doit réussir à entrer en contact avec son père. Pour mener à bien cette mission, il s'engage dans un voyage périlleux, physiquement et émotionnellement, qui l'emmène aux confins de la galaxie...;James Gray ;James Gray, Ethan Gross;Brad Pitt, Tommy Lee Jones, Ruth Negga;2019;NULL;NULL;NULL;NULL;États-Unis d'Amérique, Chine, Brésil;https://www.france.tv/films/2847931-ad-astra.html;2/6/25 6:00;5/6/25 23:59;https://medias.france.tv/blhoZJ2mtSFM3Wst85mdKq52Ris/1800x0/filters:quality(85):format(webp)/c/a/a/89b8424d324143a999bd7f4844fb75e525ad9156f16da751bac07d4880e91aac.jpg
2205091;Les sandales blanches;"<p>Au d&eacute;but des ann&eacute;es 60, dans le bidonville alg&eacute;rien de Nanterre. Malika a 5 ans. Sa m&egrave;re vient de lui acheter une paire de sandales neuves. Des sandales si blanches que la fillette ne les quitte pas des yeux et ne voit pas le camion qui recule. Ce terrible accident marque le d&eacute;but d'ann&eacute;es d'h&ocirc;pital, d'op&eacute;rations &agrave; r&eacute;p&eacute;tition, de souffrance et de lutte. Des ann&eacute;es loin des siens durant lesquels la petite musulmane, confi&eacute;e aux bons soins de religieuses et d'infirmi&egrave;res catholiques, va, &agrave; la messe, d&eacute;couvrir la musique et le chant. D&egrave;s lors, affrontant le racisme d'une soci&eacute;t&eacute; fran&ccedil;aise qui peine &agrave; se remettre de la guerre d'Alg&eacute;rie mais, butant aussi contre les pr&eacute;jug&eacute;s tenaces de sa propre communaut&eacute;, Malika va suivre son r&ecirc;ve et d&eacute;placer des montagnes pour devenir celle que toutes et tous appelleront un jour ""la Diva des quartiers""...</p>";"<p>Au d&eacute;but des ann&eacute;es 60, dans le bidonville alg&eacute;rien de Nanterre. Malika a 5 ans. Sa m&egrave;re vient de lui acheter une paire de sandales neuves. Des sandales si blanches que la fillette ne les quitte pas des yeux et ne voit pas le camion qui recule. Ce terrible accident marque le d&eacute;but d'ann&eacute;es d'h&ocirc;pital, d'op&eacute;rations &agrave; r&eacute;p&eacute;tition, de souffrance et de lutte. Des ann&eacute;es loin des siens durant lesquels la petite musulmane, confi&eacute;e aux bons soins de religieuses et d'infirmi&egrave;res catholiques, va, &agrave; la messe, d&eacute;couvrir la musique et le chant. D&egrave;s lors, affrontant le racisme d'une soci&eacute;t&eacute; fran&ccedil;aise qui peine &agrave; se remettre de la guerre d'Alg&eacute;rie mais, butant aussi contre les pr&eacute;jug&eacute;s tenaces de sa propre communaut&eacute;, Malika va suivre son r&ecirc;ve et d&eacute;placer des montagnes pour devenir celle que toutes et tous appelleront un jour ""la Diva des quartiers""...</p>";Christian Faure;NULL;Amel Bent, Naidra Ayadi, Mhamed Arezki, Stéphanie Rideau, Laurence Joseph, Anaïs Taggues, Théo Frilet, Saabo Balde;2021;Eloa Production;Mikaël Ollivier, Christian Faure;Français;;France;https://www.france.tv/series-et-fictions/2205091-les-sandales-blanches.html;1/14/25 6:00;3/31/25 23:59;https://medias.france.tv/rEH60Na4C7pEvVyztcmmputvicY/1800x0/filters:quality(85):format(webp)/q/5/q/phpzj9q5q.png
2016971;T'en fais pas, j'suis là;<p>Jonathan Rivière, un avocat très réputé, est aussi un père absent. Son fils Gabriel, âgé de 12 ans, ne l'intéresse pas. Dès la naissance il s'est réparti les tâches avec Sophie, la maman, afin qu'elle s'occupe de leur fils et que lui s'occupe du côté matériel pour que ce dernier ne manque de rien. Mais Gabriel souffre d'un trouble comportemental et son retard évident est diagnostiqué: Gabriel est autiste. Alors que Sophie doit renoncer à sa carrière pour s'occuper de son fils, Jonathan lui poursuit ses activités. Mais lorsque cette dernière est victime d'une rupture d'anévrisme, Jonathan est contraint de s'occuper de son fils…</p>;<p>Jonathan Rivière, un avocat très réputé, est aussi un père absent. Son fils Gabriel, âgé de 12 ans, ne l'intéresse pas. Dès la naissance il s'est réparti les tâches avec Sophie, la maman, afin qu'elle s'occupe de leur fils et que lui s'occupe du côté matériel pour que ce dernier ne manque de rien. Mais Gabriel souffre d'un trouble comportemental et son retard évident est diagnostiqué: Gabriel est autiste. Alors que Sophie doit renoncer à sa carrière pour s'occuper de son fils, Jonathan lui poursuit ses activités. Mais lorsque cette dernière est victime d'une rupture d'anévrisme, Jonathan est contraint de s'occuper de son fils…</p>;Pierre Isoard;NULL;Samuel Le Bihan, Lizzie Brocheré, Roman Villedieu, Sharif Andoura;2020;AT Productions (At- Prod) / M.F.P. / Dalva Productions / France Télévisions / AT Production / Radio-télévision belge de la Communauté française (RTBF) / TV5 Monde / Radio Télévision Suisse (RTS) / AT-Production;Julien Guerif, Pierre Isoard;Français;;France;https://www.france.tv/series-et-fictions/films-tv/2016971-t-en-fais-pas-j-suis-la.html;1/21/25 6:00;2/28/25 23:59;https://medias.france.tv/DG8yUIxJtMcizPKnIklsCCByqrQ/1800x0/filters:quality(85):format(webp)/c/x/g/phpqfygxc.jpg
6819091;Une affaire de femmes;"Sous l'Occupation. Alors que Paul, son époux, est prisonnier, Marie, la trentaine, survit tant bien que mal avec ses deux enfants, Mouche et Pierrot. Un jour, elle aide une voisine à avorter. Peu à peu, sa réputation de ""faiseuse d'anges"" la conduit à rendre d'autres services contre paiement. Elle gagne ainsi assez d'argent pour nourrir sa famille et vivre décemment. Elle loue aussi une chambre à une prostituée, Lucie, qui devient bientôt son amie. Mais Marie s'ennuie et prend bientôt un amant, trafiquant et collaborateur, qui va obtenir un poste à Paul lors de sa libération. Celui-ci, ne supportant plus la situation, finit par dénoncer Marie...";"Sous l'Occupation. Alors que Paul, son époux, est prisonnier, Marie, la trentaine, survit tant bien que mal avec ses deux enfants, Mouche et Pierrot. Un jour, elle aide une voisine à avorter. Peu à peu, sa réputation de ""faiseuse d'anges"" la conduit à rendre d'autres services contre paiement. Elle gagne ainsi assez d'argent pour nourrir sa famille et vivre décemment. Elle loue aussi une chambre à une prostituée, Lucie, qui devient bientôt son amie. Mais Marie s'ennuie et prend bientôt un amant, trafiquant et collaborateur, qui va obtenir un poste à Paul lors de sa libération. Celui-ci, ne supportant plus la situation, finit par dénoncer Marie...";Claude Chabrol;NULL;Isabelle Huppert, François Cluzet, Marie Trintignant, Marie Bunel, Nils Tavernier, Dominique Blanc, Evelyne Didi, Dani;1988;MK2 Productions / Films A2 / Les Films du Camélia / La Sept / Sofinergie Films;Colo Tavernier, Claude Chabrol;Français;Valladolid International Film Festival 1988 - Silver Spike : Best Film : Claude Chabrol;France;https://www.france.tv/films/films-drame/6819091-une-affaire-de-femmes.html;1/17/25 22:48;2/16/25 22:48;https://medias.france.tv/dDGaXFUXaiJy00NlNEo_zUoRJtY/1800x0/filters:quality(85):format(webp)/l/w/t/php6pjtwl.jpg
6822652;Simone, le voyage du siècle;Désormais retirée de la vie publique, Simone Veil se lance dans l'écriture de ses mémoires sous le regard bienveillant de sa petite-fille, curieuse d'en connaître la teneur. Née en pleine Grande Guerre, Simone ne s'imagine pas qu'un fabuleux destin l'attend malgré un nouveau conflit mondial qui arrivera trop vite et dans lequel une grande partie des siens périra. Loin de constituer un frein à ses ambitions, cette épreuve marquera au contraire le début de son engagement pour un monde plus juste. Après une carrière brillante dans la magistrature, Simone se voit offrir, dans les années 1970, l'occasion de faire ses premiers pas en politique...;Désormais retirée de la vie publique, Simone Veil se lance dans l'écriture de ses mémoires sous le regard bienveillant de sa petite-fille, curieuse d'en connaître la teneur. Née en pleine Grande Guerre, Simone ne s'imagine pas qu'un fabuleux destin l'attend malgré un nouveau conflit mondial qui arrivera trop vite et dans lequel une grande partie des siens périra. Loin de constituer un frein à ses ambitions, cette épreuve marquera au contraire le début de son engagement pour un monde plus juste. Après une carrière brillante dans la magistrature, Simone se voit offrir, dans les années 1970, l'occasion de faire ses premiers pas en politique...;Olivier Dahan;NULL;Elsa Zylberstein, Rebecca Marder, Elodie Bouchez, Judith Chemla, Olivier Gourmet, Mathieu Spinosi, Sylvie Testud, Philippe Torreton;2022;Marvelous Productions / France 2 Cinéma / France 3 Cinéma / Canal+ / Ciné+;Olivier Dahan;Français;César 2023 - César : Best Costume Design (Meilleurs costumes) : Gigi Lepage;France;https://www.france.tv/films/films-drame/6822652-simone-le-voyage-du-siecle.html;1/19/25 23:24;2/18/25 23:26;https://medias.france.tv/b7rvLb4lN69dPhYCEwXJhjjobTg/1800x0/filters:quality(85):format(webp)/l/s/5/phpnen5sl.jpg
6887464;Une rencontre;Elsa écrivain, et Pierre, avocat, se croisent lors de la soirée de clôture d’un salon du livre : un regard, un briquet qui change de mains, des rires un peu trop nerveux, le frémissement d’une histoire possible… Une rencontre ? Sauf que la vie de Pierre, c’est d’abord sa famille : ses enfants et Anne, sa femme depuis quinze ans, celle qui l’aimera toujours, et qu’il aimera toujours, en dépit de la routine et du temps qui passe, il le sait. Elsa, de son côté, se reconstruit peu à peu suite à un divorce compliqué, se partageant entre l’écriture, ses ados qui grandissent trop vite, ses amies et une histoire légère comme l’air avec Hugo, son jeune amant. Pour elle, l’homme marié est un tabou et même pire : une erreur. Pourtant… Dès le premier regard, la rencontre de Pierre et Elsa s’inscrit dans une temporalité différente, comme si présent et futur possible se dédoublaient, s’entrechoquaient... jusqu’à créer une réalité où tout serait possible.;Elsa écrivain, et Pierre, avocat, se croisent lors de la soirée de clôture d’un salon du livre : un regard, un briquet qui change de mains, des rires un peu trop nerveux, le frémissement d’une histoire possible… Une rencontre ? Sauf que la vie de Pierre, c’est d’abord sa famille : ses enfants et Anne, sa femme depuis quinze ans, celle qui l’aimera toujours, et qu’il aimera toujours, en dépit de la routine et du temps qui passe, il le sait. Elsa, de son côté, se reconstruit peu à peu suite à un divorce compliqué, se partageant entre l’écriture, ses ados qui grandissent trop vite, ses amies et une histoire légère comme l’air avec Hugo, son jeune amant. Pour elle, l’homme marié est un tabou et même pire : une erreur. Pourtant… Dès le premier regard, la rencontre de Pierre et Elsa s’inscrit dans une temporalité différente, comme si présent et futur possible se dédoublaient, s’entrechoquaient... jusqu’à créer une réalité où tout serait possible.;Lisa Azuelos;Lisa Azuelos;Sophie Marceau, François Cluzet, Lisa Azuelos;2014;NULL;;;;;https://www.france.tv/films/6887464-une-rencontre.html;1/23/25 6:00;4/22/25 23:59;https://medias.france.tv/vfnvLweKJysBYQu49mejkR987oQ/1800x0/filters:quality(85):format(webp)/d/b/d/c4ec76c5b8bf48fd9af761ad66dc6ded9d3d94a1f51b2957a864581a76d10dbd.jpg
2479203;La vie est belle;Academy Awards of Merit : Meilleur Film étranger (Oscars). A la veille de la Seconde Guerre mondiale, Guido se rend à Arrezzo, en Italie, pour y trouver du travail. En chemin, il rencontre Dora, dont il tombe immédiatement amoureux. A force d'attentions, il conquiert le coeur de la belle institutrice, qui s'enfuit avec lui le jour de ses noces, prévues avec un fonctionnaire prétentieux. Quelques années plus tard, Guido, qui est juif, est arrêté avec Giosué, son jeune fils, et déporté. Dora, se sacrifiant, monte dans le train qui les emmène. Dans le camp de concentration, Guido invente toutes sortes de stratagèmes pour faire croire à Giosué que tout cela n'est qu'un jeu, à la fin duquel il pourra gagner un char grandeur nature...;Academy Awards of Merit : Meilleur Film étranger (Oscars). A la veille de la Seconde Guerre mondiale, Guido se rend à Arrezzo, en Italie, pour y trouver du travail. En chemin, il rencontre Dora, dont il tombe immédiatement amoureux. A force d'attentions, il conquiert le coeur de la belle institutrice, qui s'enfuit avec lui le jour de ses noces, prévues avec un fonctionnaire prétentieux. Quelques années plus tard, Guido, qui est juif, est arrêté avec Giosué, son jeune fils, et déporté. Dora, se sacrifiant, monte dans le train qui les emmène. Dans le camp de concentration, Guido invente toutes sortes de stratagèmes pour faire croire à Giosué que tout cela n'est qu'un jeu, à la fin duquel il pourra gagner un char grandeur nature...;Roberto Benigni;NULL;Roberto Benigni, Nicoletta Braschi, Giorgio Cantarini, Giustino Durano, Sergio Bini Bustric, Marisa Paredes, Horst Buchholz, Lidia Alfonsi;1997;Cecchi Gori Group Tiger Cinematografica / Melampo Cinematografica;Roberto Benigni, Vincenzo Cerami;Italien;Oscars 1999 - Academy Awards of Merit : Meilleur Acteur : Roberto Remigio Benigni, Academy Awards of Merit : Meilleure musique de film : Nicola Piovani, Academy Awards of Merit : Meilleur Film étranger :. BAFTA (British Academy Television Awards) 1999 - BAFTA Film Award : Best Performance by an Actor in a Leading Rol : Roberto Remigio Benigni. César 1999. Lumières Award 1999. French Syndicate of Cinema Critics Awards 1999 - Critics Award : Best Foreign Film : Roberto Remigio Benigni. German Film Award 1999. Festival International du Film de Cannes 1998 - Grand Prize of the Jury : Roberto Remigio Benigni. Toronto International Film Festival 1998. David di Donatello Awards 1998 - David : Best Actor (Migliore Attore Protagonista) : Roberto Remigio Benigni. Warsaw International Film Festival 1998. Montréal World Film Festival 1998. Goya Awards 2000;Italie;https://www.france.tv/films/films-drame/2479203-la-vie-est-belle.html;1/30/25 6:00;2/28/25 22:56;https://medias.france.tv/ZHftbtGPUY2mUgAEFLIh9Nv8YCo/1800x0/filters:quality(85):format(webp)/p/j/s/phpi2esjp.jpg
1389215;Ni juge, ni soumise;Il y a plus de vingt ans, deux prostituées sont sauvagement assassinées dans les beaux quartiers du centre de Bruxelles. La juge Anne Gruwez reprend l'investigation en en faisant une affaire personnelle. Elle se demande où se trouvent les sacs de préservatifs retrouvés jadis dans les poubelles des deux victimes et ce que sont devenus les quatre suspects de l'époque. Elle espère que les nouvelles méthodes d'enquête et les progrès de la criminologie permettront de dissiper certaines zones d'ombre. Il lui faut également percer le mystère du préservatif aux six ADN différents...;Il y a plus de vingt ans, deux prostituées sont sauvagement assassinées dans les beaux quartiers du centre de Bruxelles. La juge Anne Gruwez reprend l'investigation en en faisant une affaire personnelle. Elle se demande où se trouvent les sacs de préservatifs retrouvés jadis dans les poubelles des deux victimes et ce que sont devenus les quatre suspects de l'époque. Elle espère que les nouvelles méthodes d'enquête et les progrès de la criminologie permettront de dissiper certaines zones d'ombre. Il lui faut également percer le mystère du préservatif aux six ADN différents...;Jean Libon, Yves Hinant;NULL;Anne Gruwez, David Derumier, Serge Graide, Marc Slavic, Eddy Wilmet;2017;Tax Shelter du Gouvernement Fédéral Belge / Canal+ / France Télévisions / Cofinova 11 / Taxshelter. be / Artémis Productions / France 3 Cinéma / Radio-télévision belge de la Communauté française (RTBF) / VOO / BE TV / Shelter Prod / Le Bureau;Yves Hinant, Jean Libon;Français;César 2019. San Sebastián International Film Festival 2017;Belgique, France;https://www.france.tv/films/1389215-ni-juge-ni-soumise.html;1/16/25 22:49;4/30/25 23:49;https://medias.france.tv/2WDScmRHndt_agfoCG8jLhD2DSo/1800x0/filters:quality(85):format(webp)/6/c/w/phpfpxwc6.jpg
6868396;Titeuf, le film;C'est l'anniversaire de Nadia et la petite fille organise une fête pour le célébrer. Titeuf, qui est complètement transi d'amour pour elle, n'est pas invité. Abasourdi, le petit garçon à la mèche blonde ne comprend pas et compte bien user de tous les stratagèmes, plus ou moins efficaces, qu'il pourra inventer pour inverser la situation. Mais la bonne volonté de Titeuf va vite être mise à l'épreuve par un véritable séisme. Les adultes ne comprennent décidément rien à la vie amoureuse de leurs rejetons, et les parents de Titeuf ont décidé qu'il devait aller voir sa grand-mère à la campagne mais aussi se rendre à des séances chez un psy, sans compter les colloques de la cour d'école. Et l'anniversaire de Nadia dans tout ça ?...;C'est l'anniversaire de Nadia et la petite fille organise une fête pour le célébrer. Titeuf, qui est complètement transi d'amour pour elle, n'est pas invité. Abasourdi, le petit garçon à la mèche blonde ne comprend pas et compte bien user de tous les stratagèmes, plus ou moins efficaces, qu'il pourra inventer pour inverser la situation. Mais la bonne volonté de Titeuf va vite être mise à l'épreuve par un véritable séisme. Les adultes ne comprennent décidément rien à la vie amoureuse de leurs rejetons, et les parents de Titeuf ont décidé qu'il devait aller voir sa grand-mère à la campagne mais aussi se rendre à des séances chez un psy, sans compter les colloques de la cour d'école. Et l'anniversaire de Nadia dans tout ça ?...;Zep;NULL;Johnny Hallyday;2011;Moonscoop / Pathé / France 3 Cinéma / uFilm / Tax Shelter du Gouvernement Fédéral Belge / Umedia;Zep;Français;;France, Suisse, Belgique;https://www.france.tv/films/films-comedie/6868396-titeuf-le-film.html;1/2/25 6:00;4/1/25 23:59;https://medias.france.tv/oYMS_iZw8FQHgkRz-z2zzy0pJyU/1800x0/filters:quality(85):format(webp)/2/6/c/cdf501b585ea47ed874f0d98e9f0c19b30e3c5e9c509ddbf9704683790c3bc62.jpg
6789379;Licorice Pizza;Alana et Gary se rencontrent par hasard le jour de la photo de classe de l'adolescent à son lycée. Alana, elle, n'est plus lycéenne, et tente de trouver sa place en travaillant en tant qu'assistante du photographe chargé du cliché. Sous le charme, Gary n'hésite pas à tenter d'impressionner cette dernière, mettant notamment en avant sa carrière naissante d'acteur. D'abord réticente, Alana finit par se laisser convaincre par ce séduisant beau-parleur à l'air si innocent. Elle le rejoint à New York, où Gary participe à une émission de télévision. Les événements prennent vite une tournure inattendue pour l'histoire d'amour naissante...;Alana et Gary se rencontrent par hasard le jour de la photo de classe de l'adolescent à son lycée. Alana, elle, n'est plus lycéenne, et tente de trouver sa place en travaillant en tant qu'assistante du photographe chargé du cliché. Sous le charme, Gary n'hésite pas à tenter d'impressionner cette dernière, mettant notamment en avant sa carrière naissante d'acteur. D'abord réticente, Alana finit par se laisser convaincre par ce séduisant beau-parleur à l'air si innocent. Elle le rejoint à New York, où Gary participe à une émission de télévision. Les événements prennent vite une tournure inattendue pour l'histoire d'amour naissante...;Paul Thomas Anderson;NULL;Alana Haim, Cooper Hoffman, Bradley Cooper, Sean Penn, Benny Safdie, Tom Waits, Skyler Gisondo, Mary Elizabeth Ellis;2021;Metro-Goldwyn-Mayer (MGM) / BRON Studios / Focus Features / Ghoulardi Film Company / Bron Creative;Paul Thomas Anderson;Anglais;BAFTA (British Academy Television Awards) 2022 - BAFTA Film Award : Best Screenplay (Original) : Paul Thomas Anderson. French Syndicate of Cinema Critics Awards 2023 - Critics Award : Best Foreign Film : Paul Thomas Anderson;États-Unis d'Amérique, Canada;https://www.france.tv/films/films-drame/6789379-licorice-pizza.html;1/4/25 23:07;5/6/25 0:07;https://medias.france.tv/qM52SUP5c-pVF-OfWacUbsLAOyo/1800x0/filters:quality(85):format(webp)/m/d/h/phpoe5hdm.jpg
6845593;L'homme fidèle;Il y a dix ans, Marianne a hésité entre Abel et Paul, deux amis. Elle a finalement choisi Paul dont elle a eu un fils, Joseph. Désormais veuve, Marianne renoue avec Abel, que Joseph, 8 ans, n'apprécie guère comme père de substitution. Les choses se compliquent un peu plus quand Eve, la jeune soeur de Paul, est irrésistiblement attirée par Abel. Elle révèle à Marianne qu'elle a toujours été amoureuse de lui et lui demande de lui laisser le jeune homme. Marianne refuse, la guerre est donc déclarée entre les deux femmes...;Il y a dix ans, Marianne a hésité entre Abel et Paul, deux amis. Elle a finalement choisi Paul dont elle a eu un fils, Joseph. Désormais veuve, Marianne renoue avec Abel, que Joseph, 8 ans, n'apprécie guère comme père de substitution. Les choses se compliquent un peu plus quand Eve, la jeune soeur de Paul, est irrésistiblement attirée par Abel. Elle révèle à Marianne qu'elle a toujours été amoureuse de lui et lui demande de lui laisser le jeune homme. Marianne refuse, la guerre est donc déclarée entre les deux femmes...;Louis Garrel;NULL;Louis Garrel, Laetitia Casta, Lily-Rose Depp, Joseph Engel, Diane Courseille, Vladislav Galard, Bakary Sangaré, Kiara Carrière;2018;Why Not Productions / Canal+ / Ciné+ / La Région Île-de-France;Jean-Claude Carrière, Louis Garrel;Français;San Sebastián International Film Festival 2018 - Jury Prize : Best Screenplay : Jean-Claude François Carrière, Jury Prize : Best Screenplay : Louis Garrel. Munich Film Festival 2019. Transilvania International Film Festival 2019;France;https://www.france.tv/films/films-drame/6845593-l-homme-fidele.html;1/25/25 22:12;2/24/25 22:12;https://medias.france.tv/03kDeXlw4CnsYKE3HEiHqGc5t4A/1800x0/filters:quality(85):format(webp)/o/i/k/phpudpkio.jpg
6901918;"L'Odyssée du sous-marin ""Nerka""";"Pacifique, 1942. Depuis que le sous-marin qu'il commandait a été torpillé par le destroyer japonais Akikaze, le commandant Richardson (Clark Gable), rescapé du naufrage, ronge son frein à Pearl Harbor. Apprenant que le Nerka part en mission, il s'impose à sa tête au détriment du lieutenant Bledsoe (Burt Lancaster), auquel le poste était promis. Dérogeant aux ordres de l'amirauté, Richardson se lance dans une traque pour couler le bâtiment ennemi et venger la mort de ses hommes.



Huis clos étouffant

L'attaque japonaise sur Pearl Harbor fut pour l'Amérique un traumatisme. Portant à l'écran le roman Run Silent, Run Deep d'Edward Latimer Beach, Jr., qui participa à la bataille de Midway (juin 1942) et fut l'un des officiers les plus décorés de la marine américaine pendant le second conflit mondial, Robert Wise (La canonnière du Yang-Tsé) orchestre l'affrontement entre Clark Gable et Burt Lancaster, deux stars du cinéma d'alors. Dans le huis clos étouffant d'un submersible de la Navy, avec un réel souci de réalisme documentaire, un hommage vibrant aux valeurs militaires et à la fraternité des gens de mer.";"Pacifique, 1942. Depuis que le sous-marin qu'il commandait a été torpillé par le destroyer japonais Akikaze, le commandant Richardson (Clark Gable), rescapé du naufrage, ronge son frein à Pearl Harbor. Apprenant que le Nerka part en mission, il s'impose à sa tête au détriment du lieutenant Bledsoe (Burt Lancaster), auquel le poste était promis. Dérogeant aux ordres de l'amirauté, Richardson se lance dans une traque pour couler le bâtiment ennemi et venger la mort de ses hommes.



Huis clos étouffant

L'attaque japonaise sur Pearl Harbor fut pour l'Amérique un traumatisme. Portant à l'écran le roman Run Silent, Run Deep d'Edward Latimer Beach, Jr., qui participa à la bataille de Midway (juin 1942) et fut l'un des officiers les plus décorés de la marine américaine pendant le second conflit mondial, Robert Wise (La canonnière du Yang-Tsé) orchestre l'affrontement entre Clark Gable et Burt Lancaster, deux stars du cinéma d'alors. Dans le huis clos étouffant d'un submersible de la Navy, avec un réel souci de réalisme documentaire, un hommage vibrant aux valeurs militaires et à la fraternité des gens de mer.";Robert Wise;NULL;Clark Gable, Burt Lancaster, Jack Warden, Brad Dexter, Don Rickles, Nick Cravat;1958;Hill-Hecht-Lancaster Productions / Hill-Hecht-Lancaster Productions / Jeffrey Pictures Corp. / Jeffrey Productions;John Gay;Anglais;;États-Unis d'Amérique;https://www.france.tv/films/6901918-l-odyssee-du-sous-marin-nerka.html;1/26/25 5:00;2/25/25 5:00;https://medias.france.tv/7xlDNUOWMpid3uu9hetOg4hdhAY/1800x0/filters:quality(85):format(webp)/4/3/c/18f4e16888f44d82b102673de87bf19750943375333d39e2c9cd9394fab18c34.jpg
6592976;S.O.S. Fantômes : l'héritage;Mère célibataire, Callie décide de quitter son appartement en ville pour s'installer à la campagne, dans une ferme que son père Egon lui a léguée. Avec ses deux enfants, Trevor et Phoebe, ils ne tardent pas à affronter les premiers ennuis. Au fur et à mesure, le doute s'insinue dans leurs esprits quant à la réelle personnalité d'Egon, disparu en ayant laissé d'énormes dettes et de mystérieux souvenirs disséminés dans la demeure. En fouillant les lieux, leurs craintes se confirment, d'autant que Phoebe déclenche une série d'événements incontrôlables en manipulant un étrange objet. Rapidement, la ville doit faire face à une invasion de fantômes...;Mère célibataire, Callie décide de quitter son appartement en ville pour s'installer à la campagne, dans une ferme que son père Egon lui a léguée. Avec ses deux enfants, Trevor et Phoebe, ils ne tardent pas à affronter les premiers ennuis. Au fur et à mesure, le doute s'insinue dans leurs esprits quant à la réelle personnalité d'Egon, disparu en ayant laissé d'énormes dettes et de mystérieux souvenirs disséminés dans la demeure. En fouillant les lieux, leurs craintes se confirment, d'autant que Phoebe déclenche une série d'événements incontrôlables en manipulant un étrange objet. Rapidement, la ville doit faire face à une invasion de fantômes...;Jason Reitman;NULL;Carrie Coon, Paul Rudd, Finn Wolfhard, Mckenna Grace, Logan Kim, Celeste O'Connor, Bill Murray, Dan Aykroyd;2021;Columbia Pictures / BRON Studios / Ghostcorps / Sony Pictures Entertainment (SPE) / The Montecito Picture Company;Gil Kenan, Jason Reitman;Anglais;Academy of Science Fiction, Fantasy & Horror Films, USA 2022;États-Unis d'Amérique, Canada;https://www.france.tv/films/films-suspense/6592976-s-o-s-fantomes-l-heritage.html;2/9/25 23:04;2/16/25 23:12;https://medias.france.tv/aCkRGkVDuOw1_Q1tBppq_Cq4WP8/1800x0/filters:quality(85):format(webp)/k/o/4/phpmuw4ok.jpg
6893005;Presque;A la tête d'une entreprise lausannoise de pompes funèbres, Louis ne songe pas un seul instant à partir en retraite. Happé par un métier auquel il consacre sa vie, il en a même totalement fait l'impasse sur sa vie personnelle, demeurant célibataire du haut de ses 58 ans. Un jour, après un malheureux concours de circonstances, il est amené à prendre la route avec Igor, un quadragénaire infirme moteur, et amoureux de la vie et des lettres. Ensemble, les deux hommes se rendent dans les Cévennes à bord du corbillard. Au fil d'un trajet parsemé d'étonnantes rencontres, ils apprennent à se connaître en appréciant des bonheurs simples...;A la tête d'une entreprise lausannoise de pompes funèbres, Louis ne songe pas un seul instant à partir en retraite. Happé par un métier auquel il consacre sa vie, il en a même totalement fait l'impasse sur sa vie personnelle, demeurant célibataire du haut de ses 58 ans. Un jour, après un malheureux concours de circonstances, il est amené à prendre la route avec Igor, un quadragénaire infirme moteur, et amoureux de la vie et des lettres. Ensemble, les deux hommes se rendent dans les Cévennes à bord du corbillard. Au fil d'un trajet parsemé d'étonnantes rencontres, ils apprennent à se connaître en appréciant des bonheurs simples...;Bernard Campan, Alexandre Jollien;NULL;Bernard Campan, Alexandre Jollien, Tiphaine Daviot, Julie-Anne Roth, La Castou, Marilyne Canto, Anne-Valérie Payet, Marie Benati;2021;Pan Européenne / France 3 Cinéma / Apollo Films / ABS / Les Productions JMH / Radio Télévision Suisse (RTS) / SRG - SSR / Canal+ / OCS / France Télévisions / Eurimages / Région Occitanie/Pyrénées-Méditerranée / Centre national du cinéma et de l’image;Hélène Grémillon, Alexandre Jollien, Bernard Campan;Français;Solothurn Film Festival 2022 - Prix du Public : Bernard Campan, Prix du Public : Alexandre Jollien;France, Suisse;https://www.france.tv/films/films-drame/6893005-presque.html;2/12/25 22:37;2/19/25 22:37;https://medias.france.tv/18KEQFA9iXp_zi3w4jb_1gPDsN0/1800x0/filters:quality(85):format(webp)/a/9/i/php8u5i9a.jpg
6817153;Rencontres du troisième type;Une commission scientifique internationale, dirigée par Claude Lacombe, un français, tente de percer le mystère au sujet d'étranges phénomènes se produisant sur terre tels que la découverte au Mexique d'avions disparus depuis la deuxième guerre mondiale. Ils découvrent que les extra-terrestres vont bientôt arriver sur terre.;Une commission scientifique internationale, dirigée par Claude Lacombe, un français, tente de percer le mystère au sujet d'étranges phénomènes se produisant sur terre tels que la découverte au Mexique d'avions disparus depuis la deuxième guerre mondiale. Ils découvrent que les extra-terrestres vont bientôt arriver sur terre.;Steven Spielberg;Steven Spielberg;Richard Dreyfuss, François Truffaut, Teri Garr;1977;NULL;;;Oscars 1978 - Oscar de la Meilleure photographie : Vilmos Zsigmond. BAFTA 1979 - Meilleurs décors : Joe Alves;;https://www.france.tv/films/6817153-rencontres-du-troisieme-type.html;1/6/25 6:00;3/31/25 23:59;https://medias.france.tv/ST5OnI7Bbb_auJZndQbKef3zqeo/1800x0/filters:quality(85):format(webp)/3/3/2/d6e1a5f28f964183b09c82742c8556a141abff2b5e7244289168f08ef75a0233.jpg
6940312;Trouble-fête;"Hannes Westhoff, brillant pianiste concertiste, fête ses 70 ans. Pour l’occasion, son épouse Anne a convié Renate, l'ex-femme de Hannes, venue exprès de Paris, ainsi que Frederik, Max et Gregor, les fils nés de cette première union. Malgré tous les efforts d’Anne pour faire de cet événement un moment harmonieux, les blessures et les humiliations du passé éclatent au grand jour, faisant apparaître un paterfamilias cynique qui a toujours tyrannisé ses proches. Hannes s’en prend d’abord à Frederik, qui a le mauvais goût d’être homosexuel. De rage, ce dernier met le feu aux partitions de son père. Et quand, le lendemain, Max s’écroule en prononçant le discours d’hommage à son père, il est évident qu’un nouveau drame se profile...



Somme de talents

Trouble-fête doit beaucoup au talent de ses acteurs, notamment le charismatique Lars Eidinger, comédien fétiche du metteur en scène Thomas Ostermeier. Quant au réalisateur Lars Kraume, il a signé le saisissant Fritz Bauer, un héros allemand ainsi que la romanesque et remarquée série Bauhaus – Un temps nouveau, tous deux coproduits par ARTE.";"Hannes Westhoff, brillant pianiste concertiste, fête ses 70 ans. Pour l’occasion, son épouse Anne a convié Renate, l'ex-femme de Hannes, venue exprès de Paris, ainsi que Frederik, Max et Gregor, les fils nés de cette première union. Malgré tous les efforts d’Anne pour faire de cet événement un moment harmonieux, les blessures et les humiliations du passé éclatent au grand jour, faisant apparaître un paterfamilias cynique qui a toujours tyrannisé ses proches. Hannes s’en prend d’abord à Frederik, qui a le mauvais goût d’être homosexuel. De rage, ce dernier met le feu aux partitions de son père. Et quand, le lendemain, Max s’écroule en prononçant le discours d’hommage à son père, il est évident qu’un nouveau drame se profile...



Somme de talents

Trouble-fête doit beaucoup au talent de ses acteurs, notamment le charismatique Lars Eidinger, comédien fétiche du metteur en scène Thomas Ostermeier. Quant au réalisateur Lars Kraume, il a signé le saisissant Fritz Bauer, un héros allemand ainsi que la romanesque et remarquée série Bauhaus – Un temps nouveau, tous deux coproduits par ARTE.";Lars Kraume;NULL;Günther Maria Halmer, Hannelore Elsner, Michaela May, Lars Eidinger, Barnaby Metschurat, Marc Hosemann, Daniel Krauss, Nele Mueller-Stöfen, Jördis Triebel;2016;UFA Fiction / ARTE;Andrea Stoll, Martin Rauhaus;Allemand;;Allemagne;https://www.france.tv/films/6940312-trouble-fete.html;2/11/25 5:00;3/14/25 5:00;https://medias.france.tv/sOaEaK05C_NA4x1NiNgY3klb9ls/1800x0/filters:quality(85):format(webp)/7/d/a/a6b87a72805a47eb9b2ce40ca62a706a1dcd4133155b106c077519eb5a32cad7.jpg
6939352;Émission du jeudi 20 février 2025;"À Los Angeles, le procureur Rick Cabot et Jean, son épouse, sont attaqués par deux jeunes qui s'emparent de leur voiture. Bouleversée par l'événement, Jean se met à se méfier de tout le monde, même du jeune employé mexicain qui vient changer leur serrure. Suspecté de rouler avec sa femme dans le véhicule volé, Cameron, un réalisateur noir à succès, est arrêté par la police. Ryan, l'un des policiers blancs, se montre particulièrement raciste.



Violence et racisme ordinaires

À travers le destin, durant trente-six heures, d'une mosaïque de personnages d'origines et de milieux sociaux différents, Paul Haggis tricote le portrait d'une Amérique paranoïaque, encore traumatisée par la tragédie du 11-Septembre. Repliés sur leur environnement familier, tous laissent libre cours à leur hostilité et à leur racisme ordinaire envers ceux qui ne leur ressemblent pas. Acteur, réalisateur et producteur de séries télé, devenu scénariste à succès (Million Dollar Baby, Casino royale, Puzzle), Paul Haggis signe, vingt ans après son premier film Red Hot, un thriller social dérangeant d'une redoutable efficacité.";"À Los Angeles, le procureur Rick Cabot et Jean, son épouse, sont attaqués par deux jeunes qui s'emparent de leur voiture. Bouleversée par l'événement, Jean se met à se méfier de tout le monde, même du jeune employé mexicain qui vient changer leur serrure. Suspecté de rouler avec sa femme dans le véhicule volé, Cameron, un réalisateur noir à succès, est arrêté par la police. Ryan, l'un des policiers blancs, se montre particulièrement raciste.



Violence et racisme ordinaires

À travers le destin, durant trente-six heures, d'une mosaïque de personnages d'origines et de milieux sociaux différents, Paul Haggis tricote le portrait d'une Amérique paranoïaque, encore traumatisée par la tragédie du 11-Septembre. Repliés sur leur environnement familier, tous laissent libre cours à leur hostilité et à leur racisme ordinaire envers ceux qui ne leur ressemblent pas. Acteur, réalisateur et producteur de séries télé, devenu scénariste à succès (Million Dollar Baby, Casino royale, Puzzle), Paul Haggis signe, vingt ans après son premier film Red Hot, un thriller social dérangeant d'une redoutable efficacité.";Paul Haggis;NULL;"Sandra Bullock, Don Cheadle, Matt Dillon, Karina Arroyave, Dato Bakhtadze, Art Chudabala, Brendan Fraser, Chris ""Ludacris"" Bridges, Larenz Tate, Thandie Newton, Jennifer Esposito, William Fichtner, Terrence Howard, Ryan Phillippe, Shaun Toub, Michael Peña";2004;METROPOLITAN FILMEXPORT;Paul Haggis, Bobby Moresco;Anglais;Oscars 2006 - Academy Awards of Merit : Meilleur Film : Paul Edward Haggis, Academy Awards of Merit : Meilleur Film : Cathy Schulman, Academy Awards of Merit : Meilleur scénario original : Robert Gerard Moresco, Academy Awards of Merit : Meilleur montage : Hughes Winborne. BAFTA (British Academy Television Awards) 2006 - BAFTA Film Award : Best Screenplay - Original : Paul Edward Haggis, BAFTA Film Award : Best Screenplay - Original : Robert Gerard Moresco, BAFTA Film Award : Best Performance by an Actress in a Supportin : Melanie Tandiwe Newton. David di Donatello Awards 2006. Festival du Cinéma Américain de Deauville 2005 - Grand Prix :, Deauville Award : Grand Prix du Jury :;États-Unis d'Amérique;https://www.france.tv/la1ere/reunion/collision/6939352-emission-du-jeudi-20-fevrier-2025.html;2/9/25 5:00;3/12/25 5:00;https://medias.france.tv/kV_5YHY3q20dRVpOnvon8U3uvbg/1800x0/filters:quality(85):format(webp)/0/9/c/5d39516a6eff4c59b446a25a57ba900b83050b0a0f53947a5dee8e5cc7923c90.jpg
6899236;La panthère rose;"Voici déjà plusieurs mois que la police tente de démasquer ""le Fantôme"", un mystérieux cambrioleur qui semble priser particulièrement les bijoux de la haute société. Réuni à Cortina d'Ampezzo, célèbre station de sports d'hiver, le gratin européen n'a d'yeux que pour la princesse Dala, chassée de son pays et détentrice d'un diamant fabuleux, la ""Panthère rose"". L'inspecteur Clouseau est évidemment de la partie, en compagnie de son épouse, Simone. Les suspects ne manquent pas et le policier va devoir faire preuve d'une extrême vigilence. Malheureusement, particulièrement gaffeur, il commet bourde sur bourde. Il suit néanmoins une piste intéressante...";"Voici déjà plusieurs mois que la police tente de démasquer ""le Fantôme"", un mystérieux cambrioleur qui semble priser particulièrement les bijoux de la haute société. Réuni à Cortina d'Ampezzo, célèbre station de sports d'hiver, le gratin européen n'a d'yeux que pour la princesse Dala, chassée de son pays et détentrice d'un diamant fabuleux, la ""Panthère rose"". L'inspecteur Clouseau est évidemment de la partie, en compagnie de son épouse, Simone. Les suspects ne manquent pas et le policier va devoir faire preuve d'une extrême vigilence. Malheureusement, particulièrement gaffeur, il commet bourde sur bourde. Il suit néanmoins une piste intéressante...";Blake Edwards;NULL;Peter Sellers, David Niven, Robert Wagner, Capucine, Claudia Cardinale, Brenda de Banzie, Colin Gordon, John Le Mesurier;1963;Mirisch G-E Productions / The Mirisch Company;Maurice Richlin, Blake Edwards;Anglais;;États-Unis d'Amérique;https://www.france.tv/films/films-comedie/6899236-la-panthere-rose.html;2/14/25 22:55;2/21/25 22:55;https://medias.france.tv/-NcxegVOssbD_KXlHYa1Gk3gU3w/1800x0/filters:quality(85):format(webp)/x/m/n/phpytxnmx.jpg
6899293;Les enfants du paradis;En 1828, sous la Restauration, le boulevard du Temple, à Paris, est le domaine du peuple, des bateleurs, des baladins et des mimes. Garance, belle, impétueuse, insolente et libre, fait chavirer le coeur des hommes. Tandis qu'elle se lie avec le brigand maléfique Lacenaire, Frédérick Lemaître, comédien ambitieux et séducteur cynique, lui offre son coeur. Baptiste Debureau, mime fantasque et rêveur, ébloui par sa beauté, l'entraîne à l'hôtel où Frédérick et lui ont pris pension. Mais c'est au plus cabotin des deux que la belle cède. Baptiste la fait engager aux Funambules, le théâtre où il ensorcelle littéralement les foules. Nathalie, la fille du propriétaire des lieux, en conçoit une immense jalousie...;En 1828, sous la Restauration, le boulevard du Temple, à Paris, est le domaine du peuple, des bateleurs, des baladins et des mimes. Garance, belle, impétueuse, insolente et libre, fait chavirer le coeur des hommes. Tandis qu'elle se lie avec le brigand maléfique Lacenaire, Frédérick Lemaître, comédien ambitieux et séducteur cynique, lui offre son coeur. Baptiste Debureau, mime fantasque et rêveur, ébloui par sa beauté, l'entraîne à l'hôtel où Frédérick et lui ont pris pension. Mais c'est au plus cabotin des deux que la belle cède. Baptiste la fait engager aux Funambules, le théâtre où il ensorcelle littéralement les foules. Nathalie, la fille du propriétaire des lieux, en conçoit une immense jalousie...;Marcel Carné;NULL;Arletty, Jean-Louis Barrault, Maria Casarès, Pierre Brasseur, Marcel Herrand, Pierre Renoir, Louis Salou, Gaston Modot;1945;Société Nouvelle Pathé Cinéma;Jacques Prévert;Français;;France;https://www.france.tv/france-3/cinema-de-minuit/6899293-les-enfants-du-paradis.html;2/15/25 3:52;2/22/25 0:47;https://medias.france.tv/bZxlwmjVCM3zSR1caDsQXcAf8ZM/1800x0/filters:quality(85):format(webp)/n/n/f/phpswdfnn.jpg